{
	"class_name" : "ViewTrajectory",
	"interval" : 29,
	"is_loop" : false,
	"trajectory" : 
	[
		{
			"boundingbox_max" : [ 57.366615295410156, 35.139869689941406, 2.6755545139312744 ],
			"boundingbox_min" : [ -49.352149963378906, -77.135124206542969, -4.3324112892150879 ],
			"field_of_view" : 90.0,
			"front" : [ -0.57213395652405608, 0.083517895105645792, 0.8158967440732019 ],
			"lookat" : [ 3.1312177177891938, -1.6449117165469878, -8.563839861489015 ],
			"up" : [ 0.81000259900700955, -0.098540974764966843, 0.57808776660145644 ],
			"zoom" : 0.16
		}
	],
	"version_major" : 1,
	"version_minor" : 0
}