{
	"class_name" : "ViewTrajectory",
	"interval" : 29,
	"is_loop" : false,
	"trajectory" : 
	[
		{
			"boundingbox_max" : [ 57.366615295410156, 35.139869689941406, 2.6755545139312744 ],
			"boundingbox_min" : [ -49.352149963378906, -77.135124206542969, -4.3324112892150879 ],
			"field_of_view" : 60.0,
			"front" : [ -0.79918291323293755, 0.0036719743900850976, 0.60107669044855971 ],
			"lookat" : [ 6.8892261254698601, 0.04465546468513959, -4.8302086948983813 ],
			"up" : [ 0.60104564527793924, -0.0069759359891775202, 0.79918425197791576 ],
			"zoom" : 0.12000000000000001
		}
	],
	"version_major" : 1,
	"version_minor" : 0
}